/*
SQLyog Ultimate v8.32 
MySQL - 5.7.24-0ubuntu0.16.04.1 : Database - drug_db
*********************************************************************
*/

/*!40101 SET NAMES utf8 */;

/*!40101 SET SQL_MODE=''*/;

/*!40014 SET @OLD_UNIQUE_CHECKS=@@UNIQUE_CHECKS, UNIQUE_CHECKS=0 */;
/*!40014 SET @OLD_FOREIGN_KEY_CHECKS=@@FOREIGN_KEY_CHECKS, FOREIGN_KEY_CHECKS=0 */;
/*!40101 SET @OLD_SQL_MODE=@@SQL_MODE, SQL_MODE='NO_AUTO_VALUE_ON_ZERO' */;
/*!40111 SET @OLD_SQL_NOTES=@@SQL_NOTES, SQL_NOTES=0 */;
CREATE DATABASE /*!32312 IF NOT EXISTS*/`drug_db` /*!40100 DEFAULT CHARACTER SET utf8 */;

USE `drug_db`;

/*Data for the table `drug_admin` */

insert  into `drug_admin`(`admin_id`,`com_id`,`admin_name`,`admin_pwd`,`admin_pictrue`,`admin_msg`,`isva`,`optime`,`oper`,`sort`) values ('1','upload/photo.jpg','drug','123456','null','总店管理员','1',NULL,NULL,'1');

/*Data for the table `drug_admin_role` */

insert  into `drug_admin_role`(`ar_id`,`admin_id`,`role_id`) values ('49b92e1e14a111e9a3ba5254000ab703','1','ru7omep73t3zpb95c2qk5zkmhu22rmmesge05po2');

/*Data for the table `drug_company` */

insert  into `drug_company`(`com_id`,`com_name`,`com_phone`,`com_address`,`com_type`,`isva`,`optime`,`oper`,`sort`) values ('0','优医库','12345678','上海','0','1',NULL,NULL,NULL);

/*Data for the table `drug_debty` */

insert  into `drug_debty`(`deb_id`,`com_id`,`deb_money`,`optime`,`isva`,`oper`,`sort`) values ('0','0','500000.00',NULL,'1',NULL,NULL);

/*Data for the table `drug_module` */

insert  into `drug_module`(`mode_id`,`dru_mode_id`,`mode_url`,`mode_icon`,`mode_name`,`mode_code`,`mode_explain`,`isva`,`optime`,`oper`,`sort`) values ('0',NULL,NULL,NULL,'模块管理',NULL,'选择全部模块','是',NULL,'伍晓林',NULL),('1','0',NULL,'&#xe62a;','生产管理',NULL,'管理总体生产的模块','是',NULL,'伍晓林','a'),('10','1','pages/plan/mrp/Manufacturing.html\r\n','&#xea63;','制造计划',NULL,'管理药品制造的流程','是',NULL,'伍晓林','a2'),('100','5','pages/branchQuality/branchQuality.html','&#xe634;','分店药品质检',NULL,'管理每个分店的药品质检','是',NULL,'伍晓林','d2'),('11','2','pages/drug/drug.html','&#xe649;','药品',NULL,'管理所有药品','是',NULL,'伍晓林','b1'),('12','2','pages/drug/drugType.html','&#xe639;','药品类型',NULL,'管理所有药品的类型','是',NULL,'伍晓林','b2'),('13','2','pages/inv/stock.html','&#xe609;','药品库存',NULL,'管理所有药品的库存','是',NULL,'伍晓林','b3'),('14','3','pages/material/material.html','&#xe64e;','药材',NULL,'管理所有药材','是',NULL,'伍晓林','c1'),('15','3','pages/material/materType.html','&#xe639;','药材类型',NULL,'管理所有药材的类型','是',NULL,'伍晓林','c2'),('16','3','pages/stock/buystock.html','&#xe69b;','药材库存',NULL,'管理所有药材的库存','是',NULL,'伍晓林','c3'),('17','4','pages/buy/purchase.html','&#xe687;','药材采购',NULL,'管理所有药材的采购','是',NULL,'伍晓林','e2'),('18','4','pages/branchBuy/buy.html','&#xe687;','药品采购',NULL,'管理所有药品的采购','是',NULL,'伍晓林','e1'),('19','5','pages/quality/Drugquality.html','&#xe634;','总店药品质检',NULL,'管理总店的药品的质检','是',NULL,'伍晓林','d1'),('2','0',NULL,'&#xe600;','药品管理',NULL,'管理药品的模块','是',NULL,'伍晓林','b'),('20','5','pages/buyQc/Qcbuy.html','&#xe634;','药材质检',NULL,'管理所有药材的质检','是',NULL,'伍晓林','d3'),('21','6','pages/audit/manager/pmcMngAudit.html','&#xe646;','生产计划审核',NULL,'管理经理对生产计划的审核','是',NULL,'伍晓林','g1'),('22','6','pages/audit/manager/drugMngAudit.html','&#xe646;','药品审核',NULL,'管理药品的审核','是',NULL,'伍晓林','g2'),('23','6','pages/audit/manager/examine.html','&#xe646;','采购药材审核',NULL,'管理采购药材的审核','是',NULL,'伍晓林','g3'),('24','6','pages/audit/manager/CEOaudit.html','&#xe646;','采购药品审核',NULL,'管理采购药品的审核','是',NULL,'伍晓林','g5'),('25','6','pages/audit/manager/findCEO.html','&#xe646;','销售审核',NULL,'管理经理对药品销售的审核','是',NULL,'伍晓林','g4'),('26','6','pages/audit/manager/WholesaleAudit.html','&#xe646;','批发审核',NULL,'管理经理对药品批发的审核','是',NULL,'伍晓林','g6'),('27','7','pages/audit/property/pmcPptAudit.html','&#xe646;','生产计划审核',NULL,'管理财务对生产计划的审核','是',NULL,'伍晓林','f1'),('28','7','pages/audit/property/findSale.html','&#xe646;','销售审核',NULL,'管理财务对药品销售的审核','是',NULL,'伍晓林','f3'),('29','7','pages/audit/property/buyAudit.html','&#xe646;','采购药品审核',NULL,'管理财务对药品采购的审核','是',NULL,'伍晓林','f2'),('3','0',NULL,'&#xe627;','药材管理',NULL,'管理药材的模块','是',NULL,'伍晓林','c'),('30','7','pages/audit/property/Financeaudit.html','&#xe646;','批发审核',NULL,'管理批发财务审核','是',NULL,'伍晓林','f4'),('31','8','pages/admin/admin.html','&#xe643;','用户管理',NULL,'管理所有的用户分配','是',NULL,'伍晓林','k1'),('32','8','pages/authority/role.html','&#xe605;','角色管理',NULL,'管理所有角色的模块分配','是',NULL,'伍晓林','k2'),('33','8','pages/authority/module.html','&#xea66;','模块管理',NULL,'管理所有模块的路径','是',NULL,'伍晓林','k3'),('4','0',NULL,'&#xe615;','采购管理',NULL,'管理采购的模块','是',NULL,'伍晓林','e'),('40','0',NULL,'&#xe601;','公司管理',NULL,'管理所有分公司的权限','是',NULL,'伍晓林','j'),('41','40','pages/company/company.html ','&#xe6fb;','子公司',NULL,'管理所有分公司的权限','是',NULL,'伍晓林','j1'),('42','0',NULL,'&#xe62c;','销售管理',NULL,'管理所有药品销售的模块','是',NULL,'伍晓林','h'),('43','42','pages/branchSales/member.html ','&#xe614;','会员',NULL,'管理所有注册会员','是',NULL,'伍晓林','h4'),('44','42','pages/sale/sale.html','&#xea65;','药品销售',NULL,'管理所有药品销售的模块','是',NULL,'伍晓林','h3'),('45','42','pages/wholesale/wholesalepage.html','&#xea64;','药品批发',NULL,'管理所有药品批发','是',NULL,'伍晓林','h2'),('46','42','pages/branchSales/branchSale.html','&#xe61c;','药品零售',NULL,'管理所有药品的零售','是',NULL,'伍晓林','h1'),('47','6','pages/audit/manager/checkcompany.html','&#xe646;','分公司审核',NULL,'管理所有分公司加盟的审核','是',NULL,'伍晓林','g7'),('48','0',NULL,'&#xe619;','财务管理',NULL,'管理公司财务','是',NULL,'伍晓林','i'),('49','48','pages/debty/debty.html','&#xe702;','公司财务',NULL,'管理财务','是',NULL,'伍晓林','i1'),('5','0',NULL,'&#xe638;','质检管理',NULL,'管理产品质检的模块','是',NULL,'伍晓林','d'),('6','0',NULL,'&#xe648;','经理审核',NULL,'管理经理所需要审核的模块','是',NULL,'伍晓林','g'),('7','0',NULL,'&#xe618;','财务审核',NULL,'管理所有财务审核','是',NULL,'伍晓林','f'),('8','0',NULL,'&#xe84c;','权限管理',NULL,'管理分配所有人员权限的模块','是',NULL,'伍晓林','k'),('9','1','pages/plan/pmc/pmc.html','&#xe629;','生产计划',NULL,'管理药品生产的计划设计','是',NULL,'伍晓林','a1');

/*Data for the table `drug_module_role` */

insert  into `drug_module_role`(`mr_id`,`mode_id`,`role_id`) values ('03bx4auwvfmr9463trmwx5inh065h8mypxp6iusa','10','ru7omep73t3zpb95c2qk5zkmhu22rmmesge05po2'),('0t2uj8cy7oy6yz4t3dchjhjtqsykutd6ni6fwakc','18','ju65jzmd5p3cfnmoz56e065iquy708ceifme7icv'),('2ixomt7ej4m9gg073crue0ry2fa40hdhr820wi2n','31','ru7omep73t3zpb95c2qk5zkmhu22rmmesge05po2'),('34yhmc9tf30sqzdzs6dq99x334fc75jcejcym5u9','28','ru7omep73t3zpb95c2qk5zkmhu22rmmesge05po2'),('3j045c6yraek0fg5kwox27sosh5ao7aobuid5de8','6','ju65jzmd5p3cfnmoz56e065iquy708ceifme7icv'),('4i9gqb6kfe05sq35hzgoje83wn2spcku0zssuj8x','14','ru7omep73t3zpb95c2qk5zkmhu22rmmesge05po2'),('4kbbj4sdtf4f0sdgfr6ihvzzu63enj9mgviu8i2k','7','ru7omep73t3zpb95c2qk5zkmhu22rmmesge05po2'),('67thxwfey3qei5iu502r8z2aaoc2y3s72d3bnihc','25','ru7omep73t3zpb95c2qk5zkmhu22rmmesge05po2'),('76dk95gfdkebhgccquue6qr6i8c9gzhehbvi0cqm','1','ru7omep73t3zpb95c2qk5zkmhu22rmmesge05po2'),('7a97va3gfd7omcamiev2a845rfasbrrg0v7vevjy','43','ju65jzmd5p3cfnmoz56e065iquy708ceifme7icv'),('7rykmjc3o563keo5ybymracjos55kdexsgn2pw4v','42','ru7omep73t3zpb95c2qk5zkmhu22rmmesge05po2'),('8oqkdprm755fh3j44dswp972nu9wn9phqghrxd4d','6','ru7omep73t3zpb95c2qk5zkmhu22rmmesge05po2'),('98s8q76fa3wqpeti0bzjew66ezmvo89ts6wrzzhj','2','ju65jzmd5p3cfnmoz56e065iquy708ceifme7icv'),('9rq7ox0qipyi8ek75e2cebadmeozegifkkqifp59','29','ju65jzmd5p3cfnmoz56e065iquy708ceifme7icv'),('a870ht83tpkt88vywtyqn9msxuy7v8nzykpywtu9','24','ju65jzmd5p3cfnmoz56e065iquy708ceifme7icv'),('cco0b7tyugj8nwbd3rvv4gofmqapc6pyr35x0j3p','47','ru7omep73t3zpb95c2qk5zkmhu22rmmesge05po2'),('cfdkxazsvxkv0uhdhupua9guqft992i2a4aa74eq','100','ju65jzmd5p3cfnmoz56e065iquy708ceifme7icv'),('cgcoomthpeu8iuuugzbyctn3w8s0fvdeo2ijjz58','4','ru7omep73t3zpb95c2qk5zkmhu22rmmesge05po2'),('d25tyxiqb9tskbq02vkfqg9juekc3tkzexkdvx3b','33','ru7omep73t3zpb95c2qk5zkmhu22rmmesge05po2'),('f4pdfi7j0sxs5502654mmycq03xp7fxrtyt64kck','20','ru7omep73t3zpb95c2qk5zkmhu22rmmesge05po2'),('g53hdz0z6e2joujtxqumn6voyp8ryx6pn62pqznm','49','ru7omep73t3zpb95c2qk5zkmhu22rmmesge05po2'),('h94xh2j6j3kakncsy8xhuzzmc2i0tpjgfijvvtip','32','ru7omep73t3zpb95c2qk5zkmhu22rmmesge05po2'),('haeojy4ckui9svfkufd83omiicx3vb0ohu47ppxw','8','ru7omep73t3zpb95c2qk5zkmhu22rmmesge05po2'),('jiktc5v067w7tjho3rk4jbb9d575kkduhceodksb','42','ju65jzmd5p3cfnmoz56e065iquy708ceifme7icv'),('jwqzm3mq47m7dpgzrfg92a6squzh328kj36qf5ac','44','ru7omep73t3zpb95c2qk5zkmhu22rmmesge05po2'),('k6a2973g84xbfbvxm29ba2ywk6nimkjruf903s0g','16','ru7omep73t3zpb95c2qk5zkmhu22rmmesge05po2'),('k6mttz5gi4z7umjho8m6z7aqb2hmrkvkucf0wjm5','22','ru7omep73t3zpb95c2qk5zkmhu22rmmesge05po2'),('kc4xwoix90ao77oeez2rredi0psxjbnvh7exkfqx','2','ru7omep73t3zpb95c2qk5zkmhu22rmmesge05po2'),('kvc2gpvf330oeuu4knur6aqnmdn3a4z62t4fbcxs','21','ru7omep73t3zpb95c2qk5zkmhu22rmmesge05po2'),('kvhniocq9hnbkjpek3tb5h28g4cgdtoy2ocfzr7i','17','ru7omep73t3zpb95c2qk5zkmhu22rmmesge05po2'),('mb6k3ohby8u4ahx6teeqqx0apaxq3aigrnpckwba','46','ju65jzmd5p3cfnmoz56e065iquy708ceifme7icv'),('msh7rqvxsuwwcod8qbbbvruksxykk85z3anoc3x9','5','ju65jzmd5p3cfnmoz56e065iquy708ceifme7icv'),('nkfq7323vzsu20api3my3hckjf3wpkyy9tcx99ca','5','ru7omep73t3zpb95c2qk5zkmhu22rmmesge05po2'),('nth9su0n8jsy2wqqvvh5jkz0ssmywvcc0eeuaaqx','27','ru7omep73t3zpb95c2qk5zkmhu22rmmesge05po2'),('opv3uj5kpx34xasx59akb4zwqtgm6qzdect3q0pc','9','ru7omep73t3zpb95c2qk5zkmhu22rmmesge05po2'),('oytwhz7h0sngs2gpt033jgjmfegs9a9syb30m5yx','30','ju65jzmd5p3cfnmoz56e065iquy708ceifme7icv'),('p9hjymf3tuhv9gv0q448ryik0cyvuezpmtgdhpqt','40','ru7omep73t3zpb95c2qk5zkmhu22rmmesge05po2'),('q6hr89jb6ufs65id6r5k7kt7ur6bfb5shk6uct59','23','ru7omep73t3zpb95c2qk5zkmhu22rmmesge05po2'),('qamxixed6uya0i5vy2xieux8z33su0q7ebdvsmue','13','ru7omep73t3zpb95c2qk5zkmhu22rmmesge05po2'),('r8kudo8pxsf2gaj9vfvbawpz7o6zikongkugm6au','11','ru7omep73t3zpb95c2qk5zkmhu22rmmesge05po2'),('sc3ue80d7xpve9aqtriqbv9cco44zdywhmz8f5fn','0','ru7omep73t3zpb95c2qk5zkmhu22rmmesge05po2'),('sy7rrngd62vdmkeweujhjozfxzj3gsk0y27yg7vp','3','ru7omep73t3zpb95c2qk5zkmhu22rmmesge05po2'),('tg9uwtatbpnawy3foigyakw7jdq64wiqd0i40b5t','19','ru7omep73t3zpb95c2qk5zkmhu22rmmesge05po2'),('twh6vqkr8w7pock70jcbehtw02suh754h3xk0gus','7','ju65jzmd5p3cfnmoz56e065iquy708ceifme7icv'),('v8vog2m8taennqv820mo9isg6ctjneadiut8ns66','15','ru7omep73t3zpb95c2qk5zkmhu22rmmesge05po2'),('w2zoc6v29j7q23t0ruorbp3kkefbo72gegs39csp','4','ju65jzmd5p3cfnmoz56e065iquy708ceifme7icv'),('wb5s2nyp3eqbnmdtzxu44vf28fs8h2cpepwoiu0e','26','ju65jzmd5p3cfnmoz56e065iquy708ceifme7icv'),('xf8p4km0g0nm5b87dco5ejapm4bidnc8p2swqequ','13','ju65jzmd5p3cfnmoz56e065iquy708ceifme7icv'),('xnxpvgynx2y5skjmsgv7c8qeq74tbowd7npqg6ea','48','ru7omep73t3zpb95c2qk5zkmhu22rmmesge05po2'),('xs3iwyum7qdvotbqgh4dp35nquewauzcqrsikony','45','ju65jzmd5p3cfnmoz56e065iquy708ceifme7icv'),('xvgq9sxpckh8h8vm954xxraqn40osq248i7tdmyg','0','ju65jzmd5p3cfnmoz56e065iquy708ceifme7icv'),('xwddm8ndi32jc9ejun00gu7quhy3strgkx9rvqaq','12','ru7omep73t3zpb95c2qk5zkmhu22rmmesge05po2'),('ymdug5idz9eq9u7fmqfgyee6pwqm8tsbh5p936bz','41','ru7omep73t3zpb95c2qk5zkmhu22rmmesge05po2');

/*Data for the table `drug_role` */

insert  into `drug_role`(`role_id`,`role_name`,`role_code`,`role_describe`,`isva`,`optime`,`oper`,`sort`) values ('ju65jzmd5p3cfnmoz56e065iquy708ceifme7icv','分公司管理员',NULL,'用于管理分公司的事务','是','2019-01-10 14:14:34','admin',NULL),('ru7omep73t3zpb95c2qk5zkmhu22rmmesge05po2','总公司管理员',NULL,'用于管理总公司的','是','2019-01-10 14:15:21','admin',NULL);

/*!40101 SET SQL_MODE=@OLD_SQL_MODE */;
/*!40014 SET FOREIGN_KEY_CHECKS=@OLD_FOREIGN_KEY_CHECKS */;
/*!40014 SET UNIQUE_CHECKS=@OLD_UNIQUE_CHECKS */;
/*!40111 SET SQL_NOTES=@OLD_SQL_NOTES */;
