/*
SQLyog Ultimate v8.32 
MySQL - 5.7.24-0ubuntu0.16.04.1 : Database - drug_db
*********************************************************************
*/

/*!40101 SET NAMES utf8 */;

/*!40101 SET SQL_MODE=''*/;

/*!40014 SET @OLD_UNIQUE_CHECKS=@@UNIQUE_CHECKS, UNIQUE_CHECKS=0 */;
/*!40014 SET @OLD_FOREIGN_KEY_CHECKS=@@FOREIGN_KEY_CHECKS, FOREIGN_KEY_CHECKS=0 */;
/*!40101 SET @OLD_SQL_MODE=@@SQL_MODE, SQL_MODE='NO_AUTO_VALUE_ON_ZERO' */;
/*!40111 SET @OLD_SQL_NOTES=@@SQL_NOTES, SQL_NOTES=0 */;
CREATE DATABASE /*!32312 IF NOT EXISTS*/`drug_db` /*!40100 DEFAULT CHARACTER SET utf8 */;

USE `drug_db`;

/*Data for the table `drug_admin` */

insert  into `drug_admin`(`admin_id`,`com_id`,`admin_name`,`admin_pwd`,`admin_pictrue`,`admin_msg`,`isva`,`optime`,`oper`,`sort`) values ('1','0','drug','123456','upload/photo.jpg','总店管理员','1',NULL,NULL,'1');

/*Data for the table `drug_admin_role` */

insert  into `drug_admin_role`(`ar_id`,`admin_id`,`role_id`) values ('49b92e1e14a111e9a3ba5254000ab703','1','ru7omep73t3zpb95c2qk5zkmhu22rmmesge05po2');

/*Data for the table `drug_company` */

insert  into `drug_company`(`com_id`,`com_name`,`com_phone`,`com_address`,`com_type`,`isva`,`optime`,`oper`,`sort`) values ('0','优医库','12345678','上海','0','1',NULL,NULL,NULL);

/*Data for the table `drug_debty` */

insert  into `drug_debty`(`deb_id`,`com_id`,`deb_money`,`optime`,`isva`,`oper`,`sort`) values ('0','0','5000000.00',NULL,'1',NULL,NULL);

/*Data for the table `drug_module` */

insert  into `drug_module`(`mode_id`,`dru_mode_id`,`mode_url`,`mode_icon`,`mode_name`,`mode_code`,`mode_explain`,`isva`,`optime`,`oper`,`sort`) values ('0',NULL,NULL,NULL,'模块管理',NULL,'选择全部模块','是',NULL,'伍晓林',NULL),('1','0',NULL,'&#xe62a;','生产管理',NULL,'管理总体生产的模块','是',NULL,'伍晓林','a'),('10','1','pages/plan/mrp/Manufacturing.html\r\n','&#xea63;','制造计划',NULL,'管理药品制造的流程','是',NULL,'伍晓林','a2'),('100','5','pages/branchQuality/branchQuality.html','&#xe634;','分店药品质检',NULL,'管理每个分店的药品质检','是',NULL,'伍晓林','d2'),('11','2','pages/drug/drug.html','&#xe649;','药品',NULL,'管理所有药品','是',NULL,'伍晓林','b1'),('12','2','pages/drug/drugType.html','&#xe639;','药品类型',NULL,'管理所有药品的类型','是',NULL,'伍晓林','b2'),('13','2','pages/inv/stock.html','&#xe609;','药品库存',NULL,'管理所有药品的库存','是',NULL,'伍晓林','b3'),('14','3','pages/material/material.html','&#xe64e;','药材',NULL,'管理所有药材','是',NULL,'伍晓林','c1'),('15','3','pages/material/materType.html','&#xe639;','药材类型',NULL,'管理所有药材的类型','是',NULL,'伍晓林','c2'),('16','3','pages/stock/buystock.html','&#xe69b;','药材库存',NULL,'管理所有药材的库存','是',NULL,'伍晓林','c3'),('17','4','pages/buy/purchase.html','&#xe687;','药材采购',NULL,'管理所有药材的采购','是',NULL,'伍晓林','e2'),('18','4','pages/branchBuy/buy.html','&#xe687;','药品采购',NULL,'管理所有药品的采购','是',NULL,'伍晓林','e1'),('19','5','pages/quality/Drugquality.html','&#xe634;','总店药品质检',NULL,'管理总店的药品的质检','是',NULL,'伍晓林','d1'),('2','0',NULL,'&#xe600;','药品管理',NULL,'管理药品的模块','是',NULL,'伍晓林','b'),('20','5','pages/buyQc/Qcbuy.html','&#xe634;','药材质检',NULL,'管理所有药材的质检','是',NULL,'伍晓林','d3'),('21','6','pages/audit/manager/pmcMngAudit.html','&#xe646;','生产计划审核',NULL,'管理经理对生产计划的审核','是',NULL,'伍晓林','g1'),('22','6','pages/audit/manager/drugMngAudit.html','&#xe646;','药品审核',NULL,'管理药品的审核','是',NULL,'伍晓林','g2'),('23','6','pages/audit/manager/examine.html','&#xe646;','采购药材审核',NULL,'管理采购药材的审核','是',NULL,'伍晓林','g3'),('24','6','pages/audit/manager/CEOaudit.html','&#xe646;','采购药品审核',NULL,'管理采购药品的审核','是',NULL,'伍晓林','g5'),('25','6','pages/audit/manager/findCEO.html','&#xe646;','销售审核',NULL,'管理经理对药品销售的审核','是',NULL,'伍晓林','g4'),('26','6','pages/audit/manager/WholesaleAudit.html','&#xe646;','批发审核',NULL,'管理经理对药品批发的审核','是',NULL,'伍晓林','g6'),('27','7','pages/audit/property/pmcPptAudit.html','&#xe646;','生产计划审核',NULL,'管理财务对生产计划的审核','是',NULL,'伍晓林','f1'),('28','7','pages/audit/property/findSale.html','&#xe646;','销售审核',NULL,'管理财务对药品销售的审核','是',NULL,'伍晓林','f3'),('29','7','pages/audit/property/buyAudit.html','&#xe646;','采购药品审核',NULL,'管理财务对药品采购的审核','是',NULL,'伍晓林','f2'),('3','0',NULL,'&#xe627;','药材管理',NULL,'管理药材的模块','是',NULL,'伍晓林','c'),('30','7','pages/audit/property/Financeaudit.html','&#xe646;','批发审核',NULL,'管理批发财务审核','是',NULL,'伍晓林','f4'),('31','8','pages/admin/admin.html','&#xe643;','用户管理',NULL,'管理所有的用户分配','是',NULL,'伍晓林','k1'),('32','8','pages/authority/role.html','&#xe605;','角色管理',NULL,'管理所有角色的模块分配','是',NULL,'伍晓林','k2'),('33','8','pages/authority/module.html','&#xea66;','模块管理',NULL,'管理所有模块的路径','是',NULL,'伍晓林','k3'),('4','0',NULL,'&#xe615;','采购管理',NULL,'管理采购的模块','是',NULL,'伍晓林','e'),('40','0',NULL,'&#xe601;','公司管理',NULL,'管理所有分公司的权限','是',NULL,'伍晓林','j'),('41','40','pages/company/company.html ','&#xe6fb;','分公司',NULL,'管理所有分公司的权限','是',NULL,'伍晓林','j2'),('42','0',NULL,'&#xe62c;','销售管理',NULL,'管理所有药品销售的模块','是',NULL,'伍晓林','h'),('43','42','pages/branchSales/member.html ','&#xe614;','会员',NULL,'管理所有注册会员','是',NULL,'伍晓林','h4'),('44','42','pages/sale/sale.html','&#xea65;','药品销售',NULL,'管理所有药品销售的模块','是',NULL,'伍晓林','h3'),('45','42','pages/wholesale/wholesalepage.html','&#xea64;','药品批发',NULL,'管理所有药品批发','是',NULL,'伍晓林','h2'),('46','42','pages/branchSales/branchSale.html','&#xe61c;','药品零售',NULL,'管理所有药品的零售','是',NULL,'伍晓林','h1'),('47','6','pages/audit/manager/checkcompany.html','&#xe646;','分公司审核',NULL,'管理所有分公司加盟的审核','是',NULL,'伍晓林','g7'),('48','0',NULL,'&#xe619;','财务管理',NULL,'管理一些基本的数据','是',NULL,'伍晓林','i'),('49','48','pages/debty/debty.html','&#xe702;','公司财务',NULL,'管理财务','是',NULL,'伍晓林','i1'),('5','0',NULL,'&#xe638;','质检管理',NULL,'管理产品质检的模块','是',NULL,'伍晓林','d'),('50','40','pages/provider/provider.html','&#xe607;','供应商',NULL,'管理原材料供应商','是',NULL,'伍晓林','j1'),('6','0',NULL,'&#xe648;','经理审核',NULL,'管理经理所需要审核的模块','是',NULL,'伍晓林','g'),('7','0',NULL,'&#xe618;','财务审核',NULL,'管理所有财务审核','是',NULL,'伍晓林','f'),('8','0',NULL,'&#xe84c;','权限管理',NULL,'管理分配所有人员权限的模块','是',NULL,'伍晓林','k'),('9','1','pages/plan/pmc/pmc.html','&#xe629;','生产计划',NULL,'管理药品生产的计划设计','是',NULL,'伍晓林','a1');

/*Data for the table `drug_module_role` */

insert  into `drug_module_role`(`mr_id`,`mode_id`,`role_id`) values ('0s0r7fumem46xakdh4cwvcvvaqx6gzgsgtqih6v5','31','ru7omep73t3zpb95c2qk5zkmhu22rmmesge05po2'),('0t8m4bnautzzcto46exdtj35r7kwkybvthddbs9c','100','ju65jzmd5p3cfnmoz56e065iquy708ceifme7icv'),('27bc2sedfgqxay5xgohrb7ix878mpmdm9mo6v92x','3','ru7omep73t3zpb95c2qk5zkmhu22rmmesge05po2'),('30o4237pe5bkjyypgtfgavaevn8gc6m6kvo7gkm4','13','ju65jzmd5p3cfnmoz56e065iquy708ceifme7icv'),('363y6vpn87xmd2ixq4cf09jhwyk0cgqnz3ubobw3','2','ru7omep73t3zpb95c2qk5zkmhu22rmmesge05po2'),('382835hz5yrtgz4kgze7hgbxq2dmpc2eu67829r5','12','ru7omep73t3zpb95c2qk5zkmhu22rmmesge05po2'),('4g8xsqrxfviy6yaqv72hyc2wc4zzmuqj3j2zpv4a','26','ju65jzmd5p3cfnmoz56e065iquy708ceifme7icv'),('4hsdt5o8sh8xj6x7u708ypj0i2ze5rqw8crh2amh','9','ru7omep73t3zpb95c2qk5zkmhu22rmmesge05po2'),('6wh8t8m6zxgqusyycqzy3qxisk3w0ib6xo5hyemb','30','ju65jzmd5p3cfnmoz56e065iquy708ceifme7icv'),('728e3z9uz43c36ymqkwf0bew42sve9j5nxxpu2vp','29','ju65jzmd5p3cfnmoz56e065iquy708ceifme7icv'),('79ehqeo76zaprntjsaf7a75ef8gyxhuafqx4cutg','23','ru7omep73t3zpb95c2qk5zkmhu22rmmesge05po2'),('8o0wtjqh50x58jrraz3raxqsfszw7wyw6c45cfir','48','ru7omep73t3zpb95c2qk5zkmhu22rmmesge05po2'),('8p507cx9crqu4kaprjrj6u5sduh2t9a4cwerfuwe','47','ru7omep73t3zpb95c2qk5zkmhu22rmmesge05po2'),('bk8kxyrok7vn4h7jpn856gu7pgnnxu6fyxz4qoes','6','ju65jzmd5p3cfnmoz56e065iquy708ceifme7icv'),('bk9069q8be4din0faagt8c2x20q7qoekrs7vt5d8','44','ru7omep73t3zpb95c2qk5zkmhu22rmmesge05po2'),('ddarwxopteumf7vadrt3dh83wwfs0rqseu73mwpp','24','ju65jzmd5p3cfnmoz56e065iquy708ceifme7icv'),('dg9uj9ohj3765eqp427acuww5jjyttq9a9uxfhp3','19','ru7omep73t3zpb95c2qk5zkmhu22rmmesge05po2'),('ekrc6aej2rthfksjehsj7ju9hzukfgx5d39krh5y','49','ru7omep73t3zpb95c2qk5zkmhu22rmmesge05po2'),('f4tgn4pyj9nnzdebwf7qj2dfxorju9xx2xtbrua5','4','ru7omep73t3zpb95c2qk5zkmhu22rmmesge05po2'),('gdmbxoka8vdn2s0qdtb8svc20nrj0h9vats52rs2','7','ju65jzmd5p3cfnmoz56e065iquy708ceifme7icv'),('guxf9owcvqurnqzwour5rpxop8odnumtuzszsp37','16','ru7omep73t3zpb95c2qk5zkmhu22rmmesge05po2'),('htmt6m6c42jtdvrkgtpuu9wyu5fsgb6of8ckv43j','50','ru7omep73t3zpb95c2qk5zkmhu22rmmesge05po2'),('i2u5fc9hvzfz8qcixe9t7ajdb3c8fg3b0gwnsoon','1','ru7omep73t3zpb95c2qk5zkmhu22rmmesge05po2'),('k5khshuxdi3gf2muo8vnnkcebiipanaw5b2cb9rz','5','ju65jzmd5p3cfnmoz56e065iquy708ceifme7icv'),('m3d2ve29heec4tyt2c80tqshbmxi07xdnie3ycsw','14','ru7omep73t3zpb95c2qk5zkmhu22rmmesge05po2'),('m5bwtz6zbfrura3abmi8s3ij9tb7889rapge2c20','46','ju65jzmd5p3cfnmoz56e065iquy708ceifme7icv'),('mt3zisspcewsj3jdi9duzq7o3vsjnfouwm0789jx','48','ju65jzmd5p3cfnmoz56e065iquy708ceifme7icv'),('nxmybnf92ny7u8og7qjr7c55mue55bq39a2adb52','11','ru7omep73t3zpb95c2qk5zkmhu22rmmesge05po2'),('o8wqxqgx2sbuk4y5r5nhn43y9st5edxz9yfxacvi','2','ju65jzmd5p3cfnmoz56e065iquy708ceifme7icv'),('pxp2ez5j3n7vgx7knythcbtqh85qfgxhx6e6tf6b','41','ru7omep73t3zpb95c2qk5zkmhu22rmmesge05po2'),('q9hrtvytv0uacun4ixtzwwmejfdogosh2d4aphzu','4','ju65jzmd5p3cfnmoz56e065iquy708ceifme7icv'),('qk2kgwbzo26fzv8yq4b9bvvd59fsf5f2f6ev3rkd','20','ru7omep73t3zpb95c2qk5zkmhu22rmmesge05po2'),('qpkicgbk0ub0iz6gk78opzqsijskaykicfaqoyof','0','ru7omep73t3zpb95c2qk5zkmhu22rmmesge05po2'),('rshhnhoicfeya0y4ukyirt0nrezor3dxkfj4o23u','7','ru7omep73t3zpb95c2qk5zkmhu22rmmesge05po2'),('rwfem8g9qj4io767wuu8uekw22vhmgo2r9ovu39e','22','ru7omep73t3zpb95c2qk5zkmhu22rmmesge05po2'),('s8xa9td5ju7du9bkepq8ngdotboun6rabkh3uriv','8','ru7omep73t3zpb95c2qk5zkmhu22rmmesge05po2'),('sk0bykufce28h0wchqaviqjqo0qhuq2a39puxgvu','43','ju65jzmd5p3cfnmoz56e065iquy708ceifme7icv'),('tftn7rdwk6dqdzy4d54ecdfyu95mfuccpzwqa23e','28','ru7omep73t3zpb95c2qk5zkmhu22rmmesge05po2'),('th2khzm4ws9tqzxth9xe8gojty94e8ssv8gcvqso','0','ju65jzmd5p3cfnmoz56e065iquy708ceifme7icv'),('trj9g3wrx6gye8aa2uyaps3i8cv6exxcj03x5asc','5','ru7omep73t3zpb95c2qk5zkmhu22rmmesge05po2'),('u2unevvt2a70x68x8bg309brp8d6r5b5y9jmnxk9','25','ru7omep73t3zpb95c2qk5zkmhu22rmmesge05po2'),('u7rypczgpp0bs6qixjfipusfdbqjx9z7xukd7zxg','49','ju65jzmd5p3cfnmoz56e065iquy708ceifme7icv'),('ubsvo4hrykgfccttg4tp3yout0jzgjz9fdz52qn5','32','ru7omep73t3zpb95c2qk5zkmhu22rmmesge05po2'),('xsqj9e25ih75oq580fjfbb4ce9ojk5k905pt8qq9','18','ju65jzmd5p3cfnmoz56e065iquy708ceifme7icv'),('xyeygdofaz2pb9d7d42xotu7gbweaj64wvgwp54e','15','ru7omep73t3zpb95c2qk5zkmhu22rmmesge05po2'),('y5gbrm9vru95296wdazm9tvhuwtkk9n59wxnftx7','42','ju65jzmd5p3cfnmoz56e065iquy708ceifme7icv'),('ydhgu2ws8ybgeuqe5xx7r3jib4jr7hn0wnevqj2g','10','ru7omep73t3zpb95c2qk5zkmhu22rmmesge05po2'),('yto7snrvmnk8d0soxzg2ih5y778otq2nk2fmgioa','13','ru7omep73t3zpb95c2qk5zkmhu22rmmesge05po2'),('yup8st709j27j5uso0cvpc7yohmums7yoc46t0wd','6','ru7omep73t3zpb95c2qk5zkmhu22rmmesge05po2'),('ywp34de365rbprnzt2isesbman924vh4e0qy9eze','33','ru7omep73t3zpb95c2qk5zkmhu22rmmesge05po2'),('ywq7rszgo6fksqczbwfguwve82927houad650yoe','21','ru7omep73t3zpb95c2qk5zkmhu22rmmesge05po2'),('yyzkna3ndorkd79s9kdi6xetivj7imse78cwk7h0','40','ru7omep73t3zpb95c2qk5zkmhu22rmmesge05po2'),('z973f4070djk2wag2omdwtfe7c05sem0ejqtswcj','45','ju65jzmd5p3cfnmoz56e065iquy708ceifme7icv'),('zorecicw8ey80amovnn5whcyaead9xus43g02opk','42','ru7omep73t3zpb95c2qk5zkmhu22rmmesge05po2'),('zpawru9tw862ypihud7bbhtns27yvwcismx83v8h','27','ru7omep73t3zpb95c2qk5zkmhu22rmmesge05po2'),('zpvbm6j0er2s9qjp685r9zhxvsgc9aiimy7gi4pi','17','ru7omep73t3zpb95c2qk5zkmhu22rmmesge05po2');

/*Data for the table `drug_role` */

insert  into `drug_role`(`role_id`,`role_name`,`role_code`,`role_describe`,`isva`,`optime`,`oper`,`sort`) values ('ju65jzmd5p3cfnmoz56e065iquy708ceifme7icv','分公司管理员',NULL,'用于管理分公司的事务','是','2019-01-10 14:14:34','admin',NULL),('ru7omep73t3zpb95c2qk5zkmhu22rmmesge05po2','总公司管理员',NULL,'用于管理总公司的','是','2019-01-10 14:15:21','admin',NULL);

/*!40101 SET SQL_MODE=@OLD_SQL_MODE */;
/*!40014 SET FOREIGN_KEY_CHECKS=@OLD_FOREIGN_KEY_CHECKS */;
/*!40014 SET UNIQUE_CHECKS=@OLD_UNIQUE_CHECKS */;
/*!40111 SET SQL_NOTES=@OLD_SQL_NOTES */;
