/*
SQLyog Ultimate v8.32 
MySQL - 5.7.24-0ubuntu0.16.04.1 : Database - drug_db
*********************************************************************
*/


/*!40101 SET NAMES utf8 */;

/*!40101 SET SQL_MODE=''*/;

/*!40014 SET @OLD_UNIQUE_CHECKS=@@UNIQUE_CHECKS, UNIQUE_CHECKS=0 */;
/*!40014 SET @OLD_FOREIGN_KEY_CHECKS=@@FOREIGN_KEY_CHECKS, FOREIGN_KEY_CHECKS=0 */;
/*!40101 SET @OLD_SQL_MODE=@@SQL_MODE, SQL_MODE='NO_AUTO_VALUE_ON_ZERO' */;
/*!40111 SET @OLD_SQL_NOTES=@@SQL_NOTES, SQL_NOTES=0 */;
CREATE DATABASE /*!32312 IF NOT EXISTS*/`zj_drug_db` /*!40100 DEFAULT CHARACTER SET utf8 */;

USE `zj_drug_db`;

/*Data for the table `drug_admin` */

insert  into `drug_admin`(`admin_id`,`com_id`,`admin_name`,`admin_pwd`,`admin_pictrue`,`admin_msg`,`isva`,`optime`,`oper`,`sort`) values ('1','0','admin','123456',NULL,'总店管理员','1',NULL,NULL,'1'),('2','1','user2','123456','null','分店管理员','1',NULL,NULL,'1'),('2524f5cc71a240898049b2e78cd29709','0','user1','123456','upload/7018776ab02d4210a5a79f87e2852a36.jpg',NULL,'1',NULL,NULL,'1545962372628');

/*Data for the table `drug_admin_role` */

insert  into `drug_admin_role`(`ar_id`,`admin_id`,`role_id`) values ('1','1','1'),('373f527d0a4411e9bf365254000ab703','2524f5cc71a240898049b2e78cd29709','ru7omep73t3zpb95c2qk5zkmhu22rmmesge05po2'),('3bdf6f900a4411e9bf365254000ab703','2','ju65jzmd5p3cfnmoz56e065iquy708ceifme7icv');

/*Data for the table `drug_company` */

insert  into `drug_company`(`com_id`,`com_name`,`com_phone`,`com_address`,`com_type`,`isva`,`optime`,`oper`,`sort`) values ('0','总店','12345678','上海','0','1',NULL,NULL,NULL),('1','分店','12345','长沙','1','1',NULL,NULL,NULL);

/*Data for the table `drug_module` */

insert  into `drug_module`(`mode_id`,`dru_mode_id`,`mode_url`,`mode_name`,`mode_code`,`mode_explain`,`isva`,`optime`,`oper`,`sort`) values ('1',NULL,NULL,'生产管理',NULL,'管理总体生产的模块','是',NULL,'伍晓林','1'),('10','1','pages/plan/Manufacturing.html','制造计划',NULL,'管理药品制造的流程','是',NULL,'伍晓林','12'),('11','2','pages/drug/drug.html','药品',NULL,'管理所有药品','是',NULL,'伍晓林','21'),('12','2','pages/drug/drugType.html','药品类型',NULL,'管理所有药品的类型','是',NULL,'伍晓林','22'),('13','2','pages/inv/stock.html','药品库存',NULL,'管理所有药品的库存','是',NULL,'伍晓林','23'),('14','3','pages/material/material.html','药材',NULL,'管理所有药材','是',NULL,'伍晓林','31'),('15','3','pages/material/materType.html','药材类型',NULL,'管理所有药材的类型','是',NULL,'伍晓林','32'),('16','3','pages/stock/buystock.html','药材库存',NULL,'管理所有药材的库存','是',NULL,'伍晓林','33'),('17','4','pages/buy/purchase.html','药材采购',NULL,'管理所有药材的采购','是',NULL,'伍晓林','52'),('18','4','pages/branchBuy/buy.html','药品采购',NULL,'管理所有药品的采购','是',NULL,'伍晓林','51'),('19','5','pages/quality/Drugquality.html','药品质检',NULL,'管理所有药品的质检','是',NULL,'伍晓林','41'),('2',NULL,NULL,'药品管理',NULL,'管理药品的模块','是',NULL,'伍晓林','2'),('20','5','pages/buyQc/Qcbuy.html','药材质检',NULL,'管理所有药材的质检','是',NULL,'伍晓林','42'),('21','6','pages/audit/manager/pmcMngAudit.html','生产计划审核',NULL,'管理经理对生产计划的审核','是',NULL,'伍晓林','71'),('22','6','pages/audit/manager/drugMngAudit.html','药品审核',NULL,'管理药品的审核','是',NULL,'伍晓林','72'),('23','6','pages/buy/examine.html','采购药材审核',NULL,'管理采购药材的审核','是',NULL,'伍晓林','73'),('24','6','pages/audit/property/buyAudit.html','采购药品审核',NULL,'管理采购药品的审核','是',NULL,'伍晓林','62'),('25','6','pages/audit/property/findSale.html','销售审核',NULL,'管理经理对药品销售的审核','是',NULL,'伍晓林','63'),('26','6','pages/wholesale/WholesaleAudit.html','批发财物审核',NULL,'管理经理对药品批发的审核','是',NULL,'伍晓林','64'),('27','7','pages/audit/property/pmcPptAudit.html','生产计划审核',NULL,'管理财务对生产计划的审核','是',NULL,'伍晓林','61'),('28','7','pages/audit/manager/findSale.html','销售审核',NULL,'管理财务对药品销售的审核','是',NULL,'伍晓林','74'),('29','7','pages/audit/manager/buyAudit.html','采购药品审核',NULL,'管理财务对药品采购的审核','是',NULL,'伍晓林','75'),('3',NULL,NULL,'药材管理',NULL,'管理药材的模块','是',NULL,'伍晓林','3'),('30','7','pages/wholesale/Financeaudit.html','批发总经理审核',NULL,'管理药品批发的审核','是',NULL,'伍晓林','76'),('31','8','pages/admin/admin.html','用户管理',NULL,'管理所有的用户分配','是',NULL,'伍晓林','101'),('32','8','pages/authority/role.html','角色管理',NULL,'管理所有角色的模块分配','是',NULL,'伍晓林','102'),('33','8','pages/authority/module.html','模块管理',NULL,'管理所有模块的路径','是',NULL,'伍晓林','103'),('4',NULL,NULL,'采购管理',NULL,'管理采购的模块','是',NULL,'伍晓林','5'),('40',NULL,NULL,'分公司管理',NULL,'管理所有分公司的权限','是',NULL,'伍晓林','9'),('41','40','pages/company/company.html ','分公司管理',NULL,'管理所有分公司的权限','是',NULL,'伍晓林','91'),('42',NULL,NULL,'销售管理',NULL,'管理所有药品销售的模块','是',NULL,'伍晓林','8'),('43','42','pages/branchSales/member.html ','会员',NULL,'管理所有注册会员','是',NULL,'伍晓林','84'),('44','42','pages/sale/sale.html','药品销售',NULL,'管理所有药品销售的模块','是',NULL,'伍晓林','83'),('45','42','pages/wholesale/wholesalepage.html','药品批发',NULL,'管理所有药品批发','是',NULL,'伍晓林','82'),('46','42','pages/branchSales/branchSale.htm','药品零售',NULL,'管理所有药品的零售','是',NULL,'伍晓林','81'),('47','6','pages/company/checkcompany.html','分公司审核',NULL,'管理所有分公司加盟的审核','是',NULL,'伍晓林','77'),('5',NULL,NULL,'质检管理',NULL,'管理产品质检的模块','是',NULL,'伍晓林','4'),('6',NULL,NULL,'经理审核',NULL,'管理经理所需要审核的模块','是',NULL,'伍晓林','7'),('7',NULL,NULL,'财务审核',NULL,'管理所有财务审核','是',NULL,'伍晓林','6'),('8',NULL,NULL,'权限管理',NULL,'管理分配所有人员权限的模块','是',NULL,'伍晓林','10'),('9','1','pages/plan/pmc/pmc.html','生产计划',NULL,'管理药品生产的计划设计','是',NULL,'伍晓林','11');

/*Data for the table `drug_module_role` */

insert  into `drug_module_role`(`mr_id`,`mode_id`,`role_id`) values ('09yhmidv4fjuowda9o8t3sgo49vuijyeygz9c4zn','22','ru7omep73t3zpb95c2qk5zkmhu22rmmesge05po2'),('0b24zcxuk48n0g2qc5zgv5mx0zcczpwwq2dviavp','4','1'),('0hcdmxdfdoyf3fzsgks6ppymueyta22b3ovgzqhs','17','1'),('0o8d95e6v2jru4kht8nsqkf2hgsmhmd3h20rsowa','42','ru7omep73t3zpb95c2qk5zkmhu22rmmesge05po2'),('2ccmw4iyumhfsn08tmnxg7amqoe0ny7fswjjcfzd','41','1'),('2msd8m2jvjtqq5as9q2zrpycxaziorbxzxejztv8','19','ru7omep73t3zpb95c2qk5zkmhu22rmmesge05po2'),('38zo777496m7wesihmy079w3d3q6wxeupp9muviw','32','1'),('3grc2zifejp79fjjkk9jv0d02v4wt7ke6qpwxdjb','43','1'),('3ib5toy7fym4a8oyta60467o0cry92cixic5e36n','30','1'),('47y4pwq6wniko2kfwozbieu9jcsbbbr8s8ydthcd','4','ju65jzmd5p3cfnmoz56e065iquy708ceifme7icv'),('4ppqm9srivrhjgdfsuqsg8m3sqzztqwzmu72aq4k','3','1'),('5424y304qqgt8yoxg0n7sbyg8s09sqfjh22rsjie','2','ju65jzmd5p3cfnmoz56e065iquy708ceifme7icv'),('54xjb0prqknbac0vxo7g7rb3e8taph3ukvojj04o','1','ru7omep73t3zpb95c2qk5zkmhu22rmmesge05po2'),('5ehijsw4kwiw2hdr2vjpygebjkdg4tizy2yow5d8','2','ru7omep73t3zpb95c2qk5zkmhu22rmmesge05po2'),('5j6f7x7btuewk83ggapz9rfmmnib7g08giu534rv','22','ju65jzmd5p3cfnmoz56e065iquy708ceifme7icv'),('5kd6bya66devc43k0ozgvp7bxrhjzxpfd63tog67','7','ju65jzmd5p3cfnmoz56e065iquy708ceifme7icv'),('5q0uo8e3a0mph9whwr7quuvkbpxdpviq42qgcmaz','29','1'),('5qdw7bfezgfd02w6rcz3hja5p9d4fg5i6r9edczo','28','1'),('5uq6phwa9gdtqbdhq2hizyithh9yw5iiiwvepjqq','33','1'),('5vmyrzgbkh0gmrh0b6s3o23gfxs0vhu5apxxg7ia','6','1'),('5zz3iu53qtb8dqkyus875p5vk5g65nhw5hny0ckq','24','1'),('60ub3cz4o695csx2mh09vjrk3wi3bfd84wv0wc7z','46','1'),('66e8evte48inwbokcd32b5daetdjdai53v523rgx','19','1'),('67ms78r70fgxkavoa03yw63tveyh2h8zbmeov3nf','27','1'),('6vjobss8tp9rz6mf9p30vampd4gkyue5npw6xidp','6','ju65jzmd5p3cfnmoz56e065iquy708ceifme7icv'),('7dfxbwyb0u8yvp7hiuxu75svbq7ihp09i0yzcizt','13','ru7omep73t3zpb95c2qk5zkmhu22rmmesge05po2'),('7nsqb6yugyjfsyswijoktmsa3jwyp5n9237mis8o','16','ru7omep73t3zpb95c2qk5zkmhu22rmmesge05po2'),('7w47f5kss7rzf8k2o28y2igz5c9xg079zpua67ho','15','1'),('7woa9aspr5pnqt54syy3ijqvfn5vyhak2g309kb9','33','ru7omep73t3zpb95c2qk5zkmhu22rmmesge05po2'),('8idm286rf344udet04s0y33q8cbn7gypd6nbfpry','44','1'),('8picp6wda5yjd2izs8dipuixtepna7ne7ddpcwfg','41','ru7omep73t3zpb95c2qk5zkmhu22rmmesge05po2'),('983ehzf0s75i4omotk4qknrsk6gtywb2isqvh60k','25','ru7omep73t3zpb95c2qk5zkmhu22rmmesge05po2'),('9ehfihzrc9g8y53y4znkzsvkb4x2442wvp2z9h2v','43','ju65jzmd5p3cfnmoz56e065iquy708ceifme7icv'),('9knq5wg78fmjsjhhzbbtca6akbaauw7bytoyqtim','9','1'),('9ut5pua8vrniq70bfmqrjp5pc4pkvez9syhsu4m9','4','ru7omep73t3zpb95c2qk5zkmhu22rmmesge05po2'),('aryxizgsbm5exaeo4u8po2maiew4b67na9hc6odc','12','1'),('brce4rjbhac5ss7kqjuwbd60p3j3mdt9rhjv8d6i','40','1'),('bvcspp74mbcu4hgpojryist9ysdx6msrmfiqww08','5','ju65jzmd5p3cfnmoz56e065iquy708ceifme7icv'),('ck7t50mcrggcvdwata6g63ihc37595c4nwycw4vb','5','1'),('cs4k2vco64g577mtjd39jp3x44cp9wse5vusfwwu','18','ju65jzmd5p3cfnmoz56e065iquy708ceifme7icv'),('d92ubphnstqnbkuxn7gsgbc5ok2s7n2ujhejmnjx','25','1'),('dcp92qo085ywautozqs9e3ofp5d9e2t4kgk3rynq','18','1'),('dux9hzrwmkckdgd8akdpopfuuhayowhxspf5msnp','19','ju65jzmd5p3cfnmoz56e065iquy708ceifme7icv'),('e8s0thw5vs2gr9xuubrx4yph2444jrwojdx6nktx','10','1'),('eesc4npkqr0i7s7hnukewyp4ajoc2famtm97djde','12','ju65jzmd5p3cfnmoz56e065iquy708ceifme7icv'),('er7v6ici3e4r6qauyxkfw4iqi9vezja8t3tx4mbx','11','ju65jzmd5p3cfnmoz56e065iquy708ceifme7icv'),('esobn6c5uxq7iygcy7jgydyo7xa63kz0dq6txvcd','42','ju65jzmd5p3cfnmoz56e065iquy708ceifme7icv'),('f3z3p4gc06ozgztcb42rexd3az9k7apws5jecabe','6','ru7omep73t3zpb95c2qk5zkmhu22rmmesge05po2'),('fr9i38d4c5bhpcm4emkcqgzp9ecbee65y0q9br6m','17','ru7omep73t3zpb95c2qk5zkmhu22rmmesge05po2'),('ft09iick78zyz6mxkeccxawxu9g06h7kxc0unqd6','23','ru7omep73t3zpb95c2qk5zkmhu22rmmesge05po2'),('g3ewe60c4ofc3dki8ifjvd62ykac4vajtm2ibph0','31','ru7omep73t3zpb95c2qk5zkmhu22rmmesge05po2'),('gfjw8aay9i98q3sjno0i6gi90ahjgcsr640ds25y','8','ru7omep73t3zpb95c2qk5zkmhu22rmmesge05po2'),('h0hwi3rxizffve3f7feq97f40vf9nh98d8yvqb0n','44','ru7omep73t3zpb95c2qk5zkmhu22rmmesge05po2'),('h5rhw65qaeo87tmyr6x6r09iamadkfk6tidfhm5r','31','1'),('hjxiydqk2pz52j2r8mnjhojhqqgorexynfapizrb','47','ru7omep73t3zpb95c2qk5zkmhu22rmmesge05po2'),('iiesd3o2ete6jpjrpisrpuxtt6g6ybut8vw99coc','20','1'),('iphd3ke48efvetsaepu02pw5iic4kw0nwuau9ow2','16','1'),('iqibgds5cnpkf4q90jzathmxo59ms5aooqc6frs3','23','1'),('ir8hjwvabm2ywanon97u5a96nika8jsj9bin3p4o','20','ru7omep73t3zpb95c2qk5zkmhu22rmmesge05po2'),('j32aae822t0s8a8yu2mkqy39bz20txer4xinvq5w','26','ju65jzmd5p3cfnmoz56e065iquy708ceifme7icv'),('jbqqxawzax43b3ps5wn5t4y6fap8vtmeefcjozsn','14','ru7omep73t3zpb95c2qk5zkmhu22rmmesge05po2'),('jfftivvx7k527jb0wdauih876d26t9d5tf4go08z','5','ru7omep73t3zpb95c2qk5zkmhu22rmmesge05po2'),('jykvw2wfb9fcuak0obf9emfmwso2rvurnuyk397g','27','ru7omep73t3zpb95c2qk5zkmhu22rmmesge05po2'),('kr3kvwwwaigqf3czuonotmm0umbu3zkcctjpejdo','45','1'),('m2r4si3gibdzvddpwhwghho8bfhzq428m30gdx79','7','1'),('mhfj6fszsti3zb8daqrft7mvpq6anvbavz4amaqu','28','ru7omep73t3zpb95c2qk5zkmhu22rmmesge05po2'),('mwv34cqx67k73a8m7crk28jkuc02gbxzp4287fdx','10','ru7omep73t3zpb95c2qk5zkmhu22rmmesge05po2'),('nzv7nnark3wnas40pmyx08ox5ujszebjeb3y2hxe','46','ju65jzmd5p3cfnmoz56e065iquy708ceifme7icv'),('o9h74wnq3pamm0es46oscwfiqin2kh3p6c2kb5xv','30','ju65jzmd5p3cfnmoz56e065iquy708ceifme7icv'),('ocaxfovc7cg94uurj0bwyi5qv470ob4npszzws3b','26','1'),('p8shv9ny3hzdckevkodysbqr2hnyhvvdu6i4hhe3','13','ju65jzmd5p3cfnmoz56e065iquy708ceifme7icv'),('p99fbebjrpwy2v2az0nkpycuy65wnxv4jw6ptpoa','11','1'),('ped2i7p75xerr6ytudtgwng058hr48evb5sadm8g','21','1'),('ps320shi5hz6ndymak4xjt3e84mjm4ihzu8rsyah','21','ru7omep73t3zpb95c2qk5zkmhu22rmmesge05po2'),('q394zeziyzkpgr4i3ikcj2crw9e7ntx929657fbi','11','ru7omep73t3zpb95c2qk5zkmhu22rmmesge05po2'),('qn5yuw5tm84gxex4m597phjmryjsiysnhyo0i39x','13','1'),('qvvdm693ryqvi468626vsjacpbsdqpudwr9puahs','45','ju65jzmd5p3cfnmoz56e065iquy708ceifme7icv'),('ridsys4vrhufd7enhwh97rwoyuh4xd4sccrj9zw3','3','ru7omep73t3zpb95c2qk5zkmhu22rmmesge05po2'),('s7fog9xwkhcab2tfn6ohtgs2xr5fyxjw45ee6fj9','15','ru7omep73t3zpb95c2qk5zkmhu22rmmesge05po2'),('szuex6uq9jud3ko9ybtut7vysyytv25jhcnj4fha','7','ru7omep73t3zpb95c2qk5zkmhu22rmmesge05po2'),('tfizytgqe73pf8pr0ru9p4eucme9oc2ovrs4t0xw','2','1'),('unymvvu80xd9fo872kmc8ko5wtux0yacz77m0vn6','42','1'),('uzwjq54sfhw8jagro3ux8ycxb9h335ofzuw4qhnk','29','ju65jzmd5p3cfnmoz56e065iquy708ceifme7icv'),('vxo4akhs64twhefox2gi9x53yr0289snurwepcxq','9','ru7omep73t3zpb95c2qk5zkmhu22rmmesge05po2'),('wktrozrf9jd4e86xbj2c3xpw36yrdbj3y4m3ky0n','14','1'),('x2pps7eurgitdi8ckhg7uvd53w2703eoojfep69g','12','ru7omep73t3zpb95c2qk5zkmhu22rmmesge05po2'),('xaobat3m64eu6mhwc3p706kq33t8a0bwkknci9mo','22','1'),('y3rf2vpjrzid89zw77we7fxeh3dh8roxhbnua44h','1','1'),('y5trop2itaq9yhnbpr856jvmimuxckyhbosk02i8','40','ru7omep73t3zpb95c2qk5zkmhu22rmmesge05po2'),('y7b2tte3d05sthos2ng8vm9im8qzft890da0i8rk','8','1'),('ywm2jayb0n7gxvmoqo3fsxbq48dn6z93w7yf7rme','32','ru7omep73t3zpb95c2qk5zkmhu22rmmesge05po2'),('zcma4beu0rj3v6zzw0m6wms60bvy6g8ez45zh4wb','24','ju65jzmd5p3cfnmoz56e065iquy708ceifme7icv');

/*Data for the table `drug_role` */

insert  into `drug_role`(`role_id`,`role_name`,`role_code`,`role_describe`,`isva`,`optime`,`oper`,`sort`) values ('1','权限管理员',NULL,'管理权限','是','2018-12-27 14:07:01','邓紫棋','1'),('ju65jzmd5p3cfnmoz56e065iquy708ceifme7icv','分公司管理员',NULL,'用于管理分公司的事务','是','2018-12-28 09:55:13',NULL,NULL),('ru7omep73t3zpb95c2qk5zkmhu22rmmesge05po2','总公司管理员',NULL,'用于管理总公司的','是','2018-12-28 09:53:32',NULL,NULL);

/*Data for the table `drug_debty` */

insert  into `drug_debty`(`deb_id`,`com_id`,`deb_money`,`optime`,`isva`,`oper`,`sort`) values ('0','0','500000.00',NULL,'1',NULL,NULL),('1','1','50000.00',NULL,'1',NULL,NULL);

/*!40101 SET SQL_MODE=@OLD_SQL_MODE */;
/*!40014 SET FOREIGN_KEY_CHECKS=@OLD_FOREIGN_KEY_CHECKS */;
/*!40014 SET UNIQUE_CHECKS=@OLD_UNIQUE_CHECKS */;
/*!40111 SET SQL_NOTES=@OLD_SQL_NOTES */;
